Name,Draft Year,POS,Predicted Score,Actual Tier,Position Group
Kyrie Irving,2011,"PG,SG",5.255,7.0,Guard
Derrick Williams,2011,"PF,SF",4.133,0.5,Wing
Tobias Harris,2011,"PF,SF",3.773,6.0,Wing
Tristan Thompson,2011,"C,PF",3.716,3.0,Big
Jimmer Fredette,2011,"SG,PG",3.6,0.5,Guard
Alec Burks,2011,"SG,SF",3.329,3.0,Wing
Kawhi Leonard,2011,SF,3.127,7.0,Wing
Reggie Jackson,2011,"PG,SG",2.923,3.0,Guard
Cory Joseph,2011,"PG,SG",2.785,3.0,Guard
Josh Selby,2011,PG,2.754,0.0,Guard
Klay Thompson,2011,"SG,SF",2.582,7.0,Wing
DeAndre Liggins,2011,"SG,SF",2.399,0.5,Wing
Kemba Walker,2011,PG,2.342,6.0,Guard
Kenneth Faried,2011,"PF,C",2.293,3.0,Big
Marcus Morris,2011,"PF,SF",2.222,3.0,Wing
Jordan Williams,2011,C,2.152,0.0,Big
MarShon Brooks,2011,SG,2.149,0.5,Guard
Brandon Knight,2011,"PG,SG",2.057,4.5,Guard
Tyler Honeycutt,2011,SF,1.992,0.0,Wing
Charles Jenkins,2011,"PG,SG",1.979,0.0,Guard
Jon Diebler,2011,SG,1.962,0.0,Guard
Markieff Morris,2011,"SF,PF",1.946,3.0,Wing
Jordan Hamilton,2011,SF,1.913,0.5,Wing
Darius Morris,2011,PG,1.896,0.5,Guard
Iman Shumpert,2011,"PG,SG,SF",1.837,3.0,Wing
Shelvin Mack,2011,"PG,SG",1.794,0.5,Guard
Trey Thompkins,2011,C,1.762,0.0,Big
Josh Harrellson,2011,"C,PF",1.499,0.5,Big
Jimmy Butler,2011,"SG,SF,PF",1.493,7.0,Wing
JaJuan Johnson,2011,"SF,PF",1.389,0.0,Wing
Justin Harper,2011,"SF,PF",1.382,0.5,Wing
Chandler Parsons,2011,"SF,PF",1.326,4.5,Wing
Lavoy Allen,2011,"PF,C",1.306,0.5,Big
Malcolm Lee,2011,SG,1.25,0.5,Guard
Travis Leslie,2011,SG,1.075,0.0,Guard
Nikola VuÄeviÄ,2011,C,1.029,7.0,Big
Andrew Goudelock,2011,"SG,PG",0.99,0.5,Guard
Ater Majok,2011,"PF,C",0.971,0.0,Big
Keith Benson,2011,C,0.857,0.0,Big
Kyle Singler,2011,SF,0.832,3.0,Wing
Norris Cole,2011,PG,0.742,0.5,Guard
Chris Singleton,2011,"SF,PF",0.627,0.5,Wing
Jon Leuer,2011,"PF,C",0.59,0.5,Big
Nolan Smith,2011,PG,0.524,0.0,Guard
E'Twaun Moore,2011,"SG,PG",0.512,3.0,Guard
Vernon Macklin,2011,C,0.476,0.0,Big
Isaiah Thomas,2011,"PG,SG",0.422,6.0,Guard
Anthony Davis,2012,"C,PF",4.622,7.0,Big
John Jenkins,2012,SG,3.401,0.5,Guard
Michael Kidd-Gilchrist,2012,"SF,PF",3.274,3.0,Wing
Bradley Beal,2012,SG,3.244,6.0,Guard
Marquis Teague,2012,"SG,PG",2.821,0.5,Guard
Quincy Miller,2012,"SF,PF",2.792,0.5,Wing
Meyers Leonard,2012,"C,PF",2.716,3.0,Big
Jeremy Lamb,2012,"SG,SF",2.662,3.0,Wing
Tony Wroten,2012,"PG,SG",2.617,0.5,Guard
Darius Miller,2012,SF,2.56,0.5,Wing
Andre Drummond,2012,C,2.426,7.0,Big
Harrison Barnes,2012,"PF,SF",2.4,6.0,Wing
Dion Waiters,2012,SG,2.345,3.0,Guard
Kris Joseph,2012,SF,2.235,0.0,Wing
Terrence Jones,2012,"SF,PF",2.19,3.0,Wing
Maurice Harkless,2012,"SF,PF",2.176,3.0,Wing
Doron Lamb,2012,SG,2.168,0.0,Guard
Damian Lillard,2012,PG,2.043,7.0,Guard
Austin Rivers,2012,"SG,PG",2.04,3.0,Guard
Royce White,2012,"SF,PF",1.903,0.0,Wing
Thomas Robinson,2012,"SF,PF",1.867,0.5,Wing
Jae Crowder,2012,"SF,PF",1.855,3.0,Wing
Tyler Zeller,2012,C,1.793,3.0,Big
Jared Sullinger,2012,"SF,PF",1.786,3.0,Wing
Jared Cunningham,2012,SG,1.709,0.5,Guard
Draymond Green,2012,"PF,SF",1.615,7.0,Wing
Will Barton,2012,"SG,SF",1.597,3.0,Wing
Kim English,2012,SG,1.573,0.0,Guard
Robbie Hummel,2012,SF,1.469,0.0,Wing
Marcus Denmon,2012,SG,1.427,0.0,Guard
John Henson,2012,"C,PF",1.394,3.0,Big
Jeff Taylor,2012,SF,1.295,0.5,Wing
Bernard James,2012,C,1.281,0.5,Big
Darius Johnson-Odom,2012,SG,1.279,0.0,Guard
Kendall Marshall,2012,PG,1.241,0.5,Guard
Kyle O'Quinn,2012,"C,PF",1.182,0.5,Big
Quincy Acy,2012,"PF,SF",1.102,0.5,Wing
Tyshawn Taylor,2012,PG,1.078,0.0,Guard
Perry Jones,2012,"SF,PF",1.027,0.5,Wing
Fab Melo,2012,C,1.019,0.0,Big
Andrew Nicholson,2012,"SF,PF",1.012,0.5,Wing
Khris Middleton,2012,"SF,SG",0.978,6.0,Wing
Kevin Murphy,2012,SG,0.822,0.0,Guard
Justin Hamilton,2012,C,0.807,0.5,Big
Terrence Ross,2012,"SG,SF",0.659,3.0,Wing
Arnett Moultrie,2012,"SF,PF",0.644,0.0,Wing
Miles Plumlee,2012,C,0.544,3.0,Big
Mike Scott,2012,"SF,PF",0.534,3.0,Wing
Orlando Johnson,2012,SG,0.452,0.5,Guard
Festus Ezeli,2012,C,0.413,0.5,Big
Robert Sacre,2012,C,0.338,0.5,Big
Nerlens Noel,2013,"C,PF",5.073,3.0,Big
Otto Porter Jr.,2013,"SF,PF",4.09,3.0,Wing
Erick Green,2013,PG,3.728,0.0,Guard
Trey Burke,2013,PG,3.538,3.0,Guard
Kentavious Caldwell-Pope,2013,SG,3.151,4.5,Guard
CJ McCollum,2013,"SG,PG",2.872,6.0,Guard
Victor Oladipo,2013,"SG,PG",2.768,6.0,Guard
Grant Jerrett,2013,"SF,PF",2.746,0.0,Wing
Shabazz Muhammad,2013,"SF,SG",2.649,0.5,Wing
Ben McLemore,2013,"SG,SF",2.595,3.0,Wing
Cody Zeller,2013,C,2.59,3.0,Big
Jeff Withey,2013,C,2.457,0.5,Big
Mason Plumlee,2013,C,2.374,3.0,Big
Deshaun Thomas,2013,"SF,PF",2.314,0.0,Wing
Alex Len,2013,C,2.128,3.0,Big
Tim Hardaway Jr.,2013,"SG,SF",2.078,3.0,Wing
Shane Larkin,2013,PG,2.046,0.5,Guard
Archie Goodwin,2013,"SG,PG",2.044,0.5,Guard
Mike Muscala,2013,"C,PF",2.037,3.0,Big
Tony Snell,2013,"SG,SF",2.006,3.0,Wing
Steven Adams,2013,C,1.996,4.5,Big
Lorenzo Brown,2013,PG,1.81,0.5,Guard
Gorgui Dieng,2013,"C,PF",1.799,3.0,Big
Arsalan Kazemi,2013,"SF,PF",1.791,0.0,Wing
Alex Oriakhi,2013,C,1.769,0.0,Big
Solomon Hill,2013,"SF,PF",1.741,0.5,Wing
Allen Crabbe,2013,"SG,SF",1.641,3.0,Wing
Erik Murphy,2013,C,1.633,0.0,Big
Reggie Bullock,2013,"SF,SG",1.558,3.0,Wing
Peyton Siva,2013,SG,1.49,0.0,Guard
Nate Wolters,2013,PG,1.489,0.5,Guard
Jamaal Franklin,2013,SG,1.465,0.0,Guard
Michael Carter-Williams,2013,"PG,SG",1.456,3.0,Guard
Kelly Olynyk,2013,"C,PF",1.451,3.0,Big
Ryan Kelly,2013,"SF,PF",1.376,0.5,Wing
Anthony Bennett,2013,"SF,PF",1.236,0.5,Wing
Pierre Jackson,2013,PG,1.229,0.0,Guard
Tony Mitchell,2013,"SF,PF",1.192,0.0,Wing
Glen Rice Jr.,2013,SG,0.987,0.0,Guard
Romero Osby,2013,SF,0.704,0.0,Wing
Colton Iverson,2013,C,0.703,0.0,Big
Isaiah Canaan,2013,"PG,SG",0.698,0.5,Guard
Ray McCallum,2013,PG,0.59,0.5,Guard
James Ennis III,2013,"SF,SG",0.585,3.0,Wing
Andre Roberson,2013,"SG,SF",0.444,3.0,Wing
Carrick Felix,2013,SG,0.437,0.0,Guard
Jabari Parker,2014,"SF,PF",4.745,3.0,Wing
Andrew Wiggins,2014,"SF,PF",4.38,6.0,Wing
Tyler Ennis,2014,PG,4.144,0.5,Guard
Jordan Adams,2014,SF,4.07,0.0,Wing
Gary Harris,2014,SG,3.881,4.5,Guard
Marcus Smart,2014,"PG,SG",3.475,4.5,Guard
Aaron Gordon,2014,"PF,SF",3.329,4.5,Wing
Jarnell Stokes,2014,"C,PF",3.249,0.5,Big
Julius Randle,2014,"SF,PF",3.053,6.0,Wing
Noah Vonleh,2014,"PF,C",3.051,3.0,Big
Elfrid Payton,2014,PG,2.918,4.5,Guard
P.J. Hairston,2014,"SF,SG",2.559,0.0,Wing
Nik Stauskas,2014,SG,2.322,0.5,Guard
Doug McDermott,2014,"SF,PF",2.215,3.0,Wing
Cleanthony Early,2014,SF,2.14,0.0,Wing
Rodney Hood,2014,"SG,SF,PF",2.061,3.0,Wing
Zach LaVine,2014,"PG,SG,SF",2.056,6.0,Wing
James Young,2014,SG,1.946,0.5,Guard
T.J. Warren,2014,"SF,PF",1.925,3.0,Wing
K.J. McDaniels,2014,"SF,SG",1.809,0.5,Wing
Joel Embiid,2014,C,1.742,7.0,Big
Kyle Anderson,2014,"SF,PF",1.666,3.0,Wing
Joe Harris,2014,"SG,SF",1.591,3.0,Wing
Jerami Grant,2014,"PF,SF",1.375,3.0,Wing
Mitch McGary,2014,"SF,PF",1.34,0.0,Wing
Johnny O'Bryant,2014,"SF,PF",1.325,0.5,Wing
Glenn Robinson III,2014,"SF,SG",1.304,3.0,Wing
Cameron Bairstow,2014,"C,PF",1.181,0.0,Big
Josh Huestis,2014,"SF,PF",1.154,0.5,Wing
Spencer Dinwiddie,2014,"PG,SG",1.115,3.0,Guard
Devyn Marble,2014,SG,1.07,0.0,Guard
Lamar Patterson,2014,SG,1.034,0.0,Guard
Alec Brown,2014,"PF,C",0.998,0.0,Big
Xavier Thames,2014,"PG,SG",0.987,0.0,Guard
DeAndre Daniels,2014,"SF,PF",0.899,0.0,Wing
Nick Johnson,2014,SG,0.888,0.0,Guard
Dwight Powell,2014,"C,PF",0.885,3.0,Big
Shabazz Napier,2014,PG,0.811,0.5,Guard
Semaj Christon,2014,PG,0.792,0.0,Guard
Russ Smith,2014,PG,0.765,0.0,Guard
C.J. Wilcox,2014,SG,0.597,0.5,Guard
Markel Brown,2014,SG,0.59,0.5,Guard
Adreian Payne,2014,"SF,PF",0.578,0.5,Wing
Jordan McRae,2014,"SG,PG",0.462,0.5,Guard
Jordan Clarkson,2014,"SG,PG",0.438,3.0,Guard
Cory Jefferson,2014,"SF,PF",0.383,0.0,Wing
D'Angelo Russell,2015,PG,4.917,6.0,Guard
Tyus Jones,2015,PG,4.773,3.0,Guard
Stanley Johnson,2015,"SF,PF",4.058,0.5,Wing
Karl-Anthony Towns,2015,"C,PF",3.994,7.0,Big
Devin Booker,2015,"SG,PG",3.914,7.0,Guard
Jahlil Okafor,2015,C,3.853,3.0,Big
Kelly Oubre Jr.,2015,SF,3.449,3.0,Wing
Justise Winslow,2015,"SF,PF,SG",3.437,3.0,Wing
Trey Lyles,2015,"SF,PF",3.329,3.0,Wing
Justin Anderson,2015,"SF,SG",3.066,0.5,Wing
Kevon Looney,2015,"C,PF",2.721,3.0,Big
Montrezl Harrell,2015,"C,PF",2.672,3.0,Big
Rashad Vaughn,2015,SG,2.662,0.5,Guard
Sam Dekker,2015,"SF,PF",2.649,0.5,Wing
J.P. Tokoto,2015,"SF,PF",2.589,0.0,Wing
Dakari Johnson,2015,C,2.516,0.0,Big
Larry Nance Jr.,2015,"PF,C",2.437,3.0,Big
Willie Cauley-Stein,2015,C,2.395,3.0,Big
Josh Richardson,2015,"SG,SF",2.308,3.0,Wing
Frank Kaminsky,2015,"C,PF",2.193,3.0,Big
Marcus Thornton,2015,"SG,SF",2.185,0.0,Wing
Myles Turner,2015,C,2.063,4.5,Big
Tyler Harvey,2015,"PG,SG",2.011,0.0,Guard
Rondae Hollis-Jefferson,2015,"SF,PF",1.861,3.0,Wing
Bobby Portis,2015,"PF,C",1.607,3.0,Big
Sir'Dominic Pointer,2015,"SG,SF",1.605,0.0,Wing
Aaron White,2015,"SF,PF",1.499,0.0,Wing
Pat Connaughton,2015,"SG,SF",1.278,3.0,Wing
Delon Wright,2015,"PG,SG",1.272,0.5,Guard
Cameron Payne,2015,"PG,SG",1.208,3.0,Guard
Norman Powell,2015,"SG,SF",1.202,4.5,Wing
Chris McCullough,2015,"SF,PF",1.116,0.5,Wing
Richaun Holmes,2015,"C,PF",1.074,3.0,Big
R.J. Hunter,2015,SG,1.046,0.5,Guard
Anthony Brown,2015,SF,1.025,0.5,Wing
Andrew Harrison,2015,PG,0.965,0.5,Guard
Darrun Hilliard,2015,SG,0.964,0.5,Guard
Joe Young,2015,PG,0.942,0.5,Guard
Terry Rozier,2015,"PG,SG",0.899,3.0,Guard
Jerian Grant,2015,"PG,SG",0.819,0.5,Guard
Olivier Hanlan,2015,"SG,PG",0.699,0.0,Guard
Rakeem Christmas,2015,"SF,PF",0.684,0.0,Wing
Branden Dawson,2015,"SF,PF",0.659,0.0,Wing
Jordan Mickey,2015,"SF,PF",0.517,0.5,Wing
Cady Lalanne,2015,C,0.424,0.0,Big
Jarell Martin,2015,"SF,PF",0.408,0.5,Wing
Malik Beasley,2016,SG,5.056,3.0,Guard
Jamal Murray,2016,"PG,SG",4.685,6.0,Guard
Ben Simmons,2016,PG,4.548,6.0,Guard
Brandon Ingram,2016,"SF,PF",3.987,6.0,Wing
Henry Ellenson,2016,"PF,C",3.183,0.5,Big
Denzel Valentine,2016,"SG,SF",3.127,0.5,Wing
Brice Johnson,2016,"SF,PF",3.075,0.0,Wing
Chinanu Onuaku,2016,C,3.041,0.0,Big
Jaylen Brown,2016,"SF,SG",3.027,7.0,Wing
Patrick McCaw,2016,"SG,SF",2.831,0.5,Wing
Buddy Hield,2016,"SG,SF",2.8,4.5,Wing
Domantas Sabonis,2016,"C,PF",2.601,7.0,Big
Marquese Chriss,2016,"SF,PF",2.464,3.0,Wing
Malcolm Brogdon,2016,"PG,SG",2.394,4.5,Guard
Stephen Zimmerman,2016,C,2.327,0.0,Big
Tyler Ulis,2016,PG,2.285,0.5,Guard
Marcus Paige,2016,PG,2.225,0.0,Guard
Joel Bolomboy,2016,"SF,PF",2.186,0.0,Wing
Caris LeVert,2016,"SG,SF",2.127,3.0,Wing
Diamond Stone,2016,C,2.103,0.0,Big
DeAndre' Bembry,2016,"SF,SG",2.081,0.5,Wing
Isaiah Cousins,2016,"PG,SG",2.039,0.0,Guard
Cheick Diallo,2016,"C,PF",2.034,0.5,Big
Jakob Poeltl,2016,C,1.982,3.0,Big
Kay Felder,2016,PG,1.948,0.0,Guard
Wade Baldwin,2016,PG,1.921,0.5,Guard
Jake Layman,2016,SF,1.668,0.5,Wing
Dejounte Murray,2016,"PG,SG",1.663,6.0,Guard
Michael Gbinije,2016,SG,1.434,0.0,Guard
Abdel Nader,2016,SF,1.407,0.5,Wing
Daniel Hamilton,2016,SG,1.4,0.0,Guard
Malachi Richardson,2016,SG,1.331,0.5,Guard
Georges Niang,2016,"SF,PF",1.23,3.0,Wing
Skal LabissiÃ¨re,2016,"PF,C",1.162,0.5,Big
Deyonta Davis,2016,C,1.141,0.5,Big
Taurean Prince,2016,"PF,SF",1.002,3.0,Wing
A.J. Hammons,2016,C,0.993,0.0,Big
Ben Bentil,2016,"SF,PF",0.978,0.0,Wing
Pascal Siakam,2016,"SF,PF",0.973,6.0,Wing
Demetrius Jackson,2016,PG,0.964,0.5,Guard
Kris Dunn,2016,PG,0.945,3.0,Guard
Isaiah Whitehead,2016,PG,0.859,0.0,Guard
Tyrone Wallace,2016,"SG,PG",0.758,0.5,Guard
Damian Jones,2016,C,0.738,0.5,Big
Lonzo Ball,2017,PG,5.435,4.5,Guard
Malik Monk,2017,SG,5.403,4.5,Guard
Markelle Fultz,2017,"PG,SG",4.552,3.0,Guard
Jayson Tatum,2017,"SF,PF",4.347,7.0,Wing
John Collins,2017,"SF,PF",4.188,4.5,Wing
Dennis Smith Jr.,2017,PG,3.935,3.0,Guard
Frank Jackson,2017,PG,3.619,0.5,Guard
Jonathan Isaac,2017,"SF,PF",3.448,3.0,Wing
Frank Mason III,2017,PG,3.371,0.5,Guard
Justin Patton,2017,C,3.086,0.5,Big
Jarrett Allen,2017,C,3.011,7.0,Big
Dillon Brooks,2017,"SF,SG",2.957,4.5,Wing
Tyler Dorsey,2017,"SG,SF",2.873,0.5,Wing
Jawun Evans,2017,PG,2.825,0.0,Guard
Zach Collins,2017,"C,PF",2.8,3.0,Big
Justin Jackson,2017,"SF,PF",2.782,3.0,Wing
OG Anunoby,2017,"SF,PF",2.725,4.5,Wing
Josh Jackson,2017,"SF,SG",2.649,0.5,Wing
T.J. Leaf,2017,"SF,PF",2.632,0.5,Wing
Jordan Bell,2017,C,2.585,0.5,Big
Luke Kennard,2017,SG,2.579,3.0,Guard
Caleb Swanigan,2017,"SF,PF",2.51,0.5,Wing
Semi Ojeleye,2017,"SF,PF",2.491,0.5,Wing
Bam Adebayo,2017,"C,PF",2.475,7.0,Big
Thomas Bryant,2017,C,2.431,3.0,Big
Ike Anigbogu,2017,C,2.331,0.0,Big
Damyean Dotson,2017,SG,2.325,0.5,Guard
De'Aaron Fox,2017,PG,2.279,6.0,Guard
Sterling Brown,2017,"SG,SF",2.207,0.5,Wing
Donovan Mitchell,2017,"SG,PG",2.171,7.0,Guard
Josh Hart,2017,"SF,SG",2.11,4.5,Wing
Sindarius Thornwell,2017,"SG,SF",2.007,0.5,Wing
Monte Morris,2017,PG,1.998,3.0,Guard
Edmond Sumner,2017,"SG,PG",1.908,0.5,Guard
Derrick White,2017,"SG,PG",1.905,6.0,Guard
Tony Bradley,2017,C,1.775,0.5,Big
Lauri Markkanen,2017,"PF,SF",1.745,6.0,Wing
D.J. Wilson,2017,"SF,PF",1.736,0.5,Wing
Harry Giles,2017,"C,PF",1.721,3.0,Big
Alec Peters,2017,"SF,PF",1.593,0.0,Wing
Wes Iwundu,2017,SF,1.355,0.5,Wing
Tyler Lydon,2017,"SF,PF",1.25,0.0,Wing
Kadeem Allen,2017,PG,1.238,0.5,Guard
Jonah Bolden,2017,"C,PF",1.175,0.0,Big
Jaron Blossomgame,2017,SF,0.991,0.0,Wing
Ivan Rabb,2017,"SF,PF",0.917,0.0,Wing
Nigel Williams-Goss,2017,PG,0.829,0.0,Guard
Jabari Bird,2017,SG,0.791,0.0,Guard
Davon Reed,2017,SG,0.683,0.5,Guard
Dwayne Bacon,2017,SG,0.583,0.5,Guard
Kyle Kuzma,2017,"PF,SF",0.564,3.0,Wing
Trae Young,2018,PG,4.935,7.0,Guard
Collin Sexton,2018,"SG,PG",4.497,3.0,Guard
Shai Gilgeous-Alexander,2018,"PG,SG",4.304,7.0,Guard
Jaren Jackson Jr.,2018,"C,PF",4.275,7.0,Big
Troy Brown Jr.,2018,SF,3.978,0.5,Wing
Zhaire Smith,2018,"SG,SF",3.965,0.0,Wing
Kevin Huerter,2018,"SG,SF",3.819,4.5,Wing
Josh Okogie,2018,SG,3.614,3.0,Guard
Kevin Knox,2018,"SF,PF",3.502,0.5,Wing
Gary Trent Jr.,2018,"SG,SF",3.385,3.0,Wing
Michael Porter Jr.,2018,SF,3.228,4.5,Wing
Marvin Bagley III,2018,"C,PF",3.221,3.0,Big
Wendell Carter Jr.,2018,"C,PF",3.063,3.0,Big
Mo Bamba,2018,C,2.947,3.0,Big
Hamidou Diallo,2018,"SF,SG",2.794,0.5,Wing
Mikal Bridges,2018,"SF,SG",2.784,4.5,Wing
Lonnie Walker IV,2018,SG,2.538,3.0,Guard
Deandre Ayton,2018,C,2.536,4.5,Big
Jarred Vanderbilt,2018,"SF,PF",2.393,3.0,Wing
Svi Mykhailiuk,2018,SF,2.342,3.0,Wing
Ray Spalding,2018,"PF,C",2.316,0.0,Big
De'Anthony Melton,2018,"PG,SG",2.079,3.0,Guard
Chandler Hutchison,2018,SF,1.908,0.5,Wing
Kevin Hervey,2018,"SF,PF",1.901,0.0,Wing
Robert Williams,2018,C,1.837,3.0,Big
Vince Edwards,2018,SF,1.739,0.0,Wing
Moritz Wagner,2018,C,1.733,3.0,Big
Tony Carr,2018,"PG,SG",1.732,0.0,Guard
Devonte' Graham,2018,PG,1.71,3.0,Guard
Justin Jackson,2018,"SF,PF",1.622,0.0,Wing
Jalen Brunson,2018,"PG,SG",1.572,7.0,Guard
Jevon Carter,2018,PG,1.551,0.5,Guard
Donte DiVincenzo,2018,SG,1.497,3.0,Guard
Melvin Frazier,2018,SG,1.496,0.5,Guard
Kostas Antetokounmpo,2018,"PF,SF",1.436,0.5,Wing
Khyri Thomas,2018,SG,1.423,0.5,Guard
Landry Shamet,2018,SG,1.334,3.0,Guard
Miles Bridges,2018,"SF,PF",1.323,4.5,Wing
Omari Spellman,2018,"C,PF",1.146,0.0,Big
Devon Hall,2018,PG,1.133,0.0,Guard
Chimezie Metu,2018,"C,PF",1.123,0.5,Big
George King,2018,SF,1.068,0.0,Wing
Bruce Brown,2018,SG,1.033,3.0,Guard
Keita Bates-Diop,2018,"SF,PF",1.001,0.5,Wing
Thomas Welsh,2018,C,0.897,0.0,Big
Jerome Robinson,2018,SG,0.882,0.5,Guard
Jacob Evans,2018,SG,0.821,0.0,Guard
Shake Milton,2018,SG,0.647,0.5,Guard
Grayson Allen,2018,SG,0.642,3.0,Guard
Aaron Holiday,2018,PG,0.519,0.5,Guard
RJ Barrett,2019,"SG,SF",5.163,4.5,Wing
Ja Morant,2019,PG,4.722,7.0,Guard
Coby White,2019,"PG,SG",4.668,4.5,Guard
Tyler Herro,2019,SG,4.114,6.0,Guard
Zion Williamson,2019,"SF,PF",3.8,7.0,Wing
Cam Reddish,2019,SF,3.423,3.0,Wing
Jaylen Nowell,2019,SG,3.342,0.5,Guard
Nassir Little,2019,"SF,PF",3.175,0.5,Wing
Nic Claxton,2019,C,3.066,4.5,Big
Jarrett Culver,2019,"SG,SF",3.049,0.5,Wing
Carsen Edwards,2019,SG,2.941,0.5,Guard
Jordan Poole,2019,"SG,PG",2.9,4.5,Guard
Romeo Langford,2019,SG,2.899,0.5,Guard
Jaxson Hayes,2019,C,2.896,3.0,Big
Brandon Clarke,2019,"SF,PF",2.794,0.5,Wing
De'Andre Hunter,2019,SF,2.676,4.5,Wing
Kyle Guy,2019,"SG,PG",2.482,0.5,Guard
KZ Okpala,2019,"SF,PF",2.436,0.5,Wing
Dylan Windler,2019,SF,2.409,0.5,Wing
Grant Williams,2019,"SF,PF",2.404,3.0,Wing
Keldon Johnson,2019,SF,2.366,3.0,Wing
Bol Bol,2019,"SF,PF,C",2.282,3.0,Big
Chuma Okeke,2019,"PF,SF",2.252,0.5,Wing
Kevin Porter Jr.,2019,SF,2.252,3.0,Wing
Daniel Gafford,2019,"C,PF",2.109,3.0,Big
Justin James,2019,SF,2.107,0.0,Wing
Justin Wright-Foreman,2019,PG,2.105,0.0,Guard
Cameron Johnson,2019,"SF,PF",2.092,3.0,Wing
Rui Hachimura,2019,"SF,PF",1.949,3.0,Wing
Matisse Thybulle,2019,"SG,SF",1.932,3.0,Wing
Darius Garland,2019,"PG,SG",1.928,6.0,Guard
Admiral Schofield,2019,"PF,SF",1.877,0.5,Wing
Talen Horton-Tucker,2019,"SG,PG",1.866,3.0,Guard
Terance Mann,2019,"SG,SF",1.795,3.0,Wing
Bruno Fernando,2019,C,1.753,0.5,Big
Jordan Bone,2019,PG,1.744,0.0,Guard
Tremont Waters,2019,PG,1.586,0.5,Guard
Cody Martin,2019,SF,1.481,3.0,Wing
Ignas Brazdeikis,2019,SF,1.36,0.5,Wing
Jalen McDaniels,2019,SF,1.31,0.5,Wing
Ty Jerome,2019,SG,1.306,3.0,Guard
Miye Oni,2019,"SG,SF",1.3,0.5,Wing
Eric Paschall,2019,"SF,PF",1.295,0.5,Wing
Jaylen Hands,2019,"PG,SG",1.279,0.0,Guard
Mfiondu Kabengele,2019,"PF,C",1.179,0.5,Big
Nickeil Alexander-Walker,2019,SG,1.069,3.0,Guard
Jarrell Brantley,2019,"SF,PF",0.912,0.5,Wing
P.J. Washington,2019,"SF,PF",0.903,4.5,Wing
Quinndary Weatherspoon,2019,SG,0.757,0.5,Guard
Isaiah Roby,2019,"SF,PF",0.718,0.5,Wing
Marial Shayok,2019,SG,0.701,0.0,Guard
Dewan Hernandez,2019,C,0.277,0.0,Big
Isaiah Stewart,2020,"C,PF",4.146,3.0,Big
Tyrell Terry,2020,PG,3.957,0.0,Guard
Zeke Nnaji,2020,"SF,PF",3.954,3.0,Wing
Jalen Smith,2020,"C,PF",3.935,0.5,Big
CJ Elleby,2020,SF,3.906,0.0,Wing
Tyrese Haliburton,2020,"PG,SG",3.808,7.0,Guard
Kira Lewis Jr.,2020,PG,3.358,0.5,Guard
Onyeka Okongwu,2020,C,3.098,4.5,Big
Jaden McDaniels,2020,"PF,SF",3.095,4.5,Wing
Devin Vassell,2020,"SG,SF",2.986,4.5,Wing
James Wiseman,2020,C,2.961,0.5,Big
Payton Pritchard,2020,"PG,SG",2.805,3.0,Guard
Udoka Azubuike,2020,C,2.712,0.5,Big
Elijah Hughes,2020,"SG,SF",2.706,0.0,Wing
Isaac Okoro,2020,"SF,SG",2.648,3.0,Wing
Vernon Carey Jr.,2020,C,2.524,0.5,Big
Saddiq Bey,2020,SF,2.388,3.0,Wing
Aaron Nesmith,2020,SF,2.367,3.0,Wing
Cassius Winston,2020,PG,2.323,0.0,Guard
Daniel Oturu,2020,C,2.252,0.0,Big
Xavier Tillman Sr.,2020,"C,PF",2.133,3.0,Big
Precious Achiuwa,2020,"C,PF",2.113,3.0,Big
Nico Mannion,2020,PG,2.068,0.0,Guard
Anthony Edwards,2020,SG,2.04,7.0,Guard
Jahmi'us Ramsey,2020,SG,1.927,0.5,Guard
Tyrese Maxey,2020,"PG,SG",1.907,7.0,Guard
Isaiah Joe,2020,SG,1.859,3.0,Guard
Reggie Perry,2020,"SF,PF",1.848,0.0,Wing
Cole Anthony,2020,PG,1.759,3.0,Guard
Josh Green,2020,SG,1.739,3.0,Guard
Obi Toppin,2020,"SF,PF",1.608,3.0,Wing
Patrick Williams,2020,"SF,PF",1.505,3.0,Wing
Paul Reed,2020,"C,PF",1.423,3.0,Big
Desmond Bane,2020,SG,1.249,6.0,Guard
Justinian Jessup,2020,SG,1.234,0.0,Guard
Saben Lee,2020,PG,1.152,0.5,Guard
Jordan Nwora,2020,SF,1.086,0.5,Wing
Robert Woodard II,2020,SF,1.046,0.0,Wing
Cassius Stanley,2020,SG,1.026,0.0,Guard
Immanuel Quickley,2020,"PG,SG",1.024,3.0,Guard
Tre Jones,2020,PG,0.961,3.0,Guard
Malachi Flynn,2020,PG,0.919,0.5,Guard
Nick Richards,2020,"C,PF",0.86,3.0,Big
Sam Merrill,2020,SG,0.662,3.0,Guard
Tyler Bey,2020,SF,0.65,0.0,Wing
Skylar Mays,2020,"SG,PG",0.489,0.5,Guard
Jalen Harris,2020,SG,0.444,0.0,Guard
Grant Riller,2020,PG,0.391,0.0,Guard
Jalen Johnson,2021,"SF,PF",4.527,6.0,Wing
Cam Thomas,2021,SG,4.369,3.0,Guard
Cade Cunningham,2021,"PG,SG",4.366,7.0,Guard
Moses Moody,2021,SG,4.097,3.0,Guard
Ziaire Williams,2021,SF,4.097,3.0,Wing
Franz Wagner,2021,SF,3.683,6.0,Wing
Sharife Cooper,2021,PG,3.624,0.0,Guard
Evan Mobley,2021,"PF,C",3.556,7.0,Big
Neemias Queta,2021,C,3.491,0.5,Big
Scottie Barnes,2021,"SG,SF,PF",3.332,7.0,Wing
Greg Brown III,2021,"PF,SF",3.287,0.5,Wing
Jalen Suggs,2021,"SG,PG",3.236,4.5,Guard
Isaiah Jackson,2021,C,3.0,0.5,Big
Josh Christopher,2021,SG,2.979,0.5,Guard
Charles Bassey,2021,C,2.962,0.5,Big
Jeremiah Robinson-Earl,2021,"PF,C",2.882,0.5,Big
Brandon Boston Jr.,2021,"SG,SF",2.781,3.0,Wing
Chris Duarte,2021,"SF,SG",2.689,0.5,Wing
Corey Kispert,2021,SF,2.577,3.0,Wing
Miles McBride,2021,PG,2.549,3.0,Guard
JT Thor,2021,"SF,PF",2.436,0.5,Wing
Jared Butler,2021,"PG,SG",2.413,0.5,Guard
Joshua Primo,2021,"SG,SF",2.15,0.5,Wing
Tre Mann,2021,PG,1.982,3.0,Guard
Kai Jones,2021,C,1.936,0.5,Big
David Johnson,2021,"PG,SG",1.899,0.0,Guard
Sandro Mamukelashvili,2021,"C,PF",1.883,0.5,Big
Jaden Springer,2021,"SG,PG",1.857,0.5,Guard
Dalano Banton,2021,PG,1.851,0.5,Guard
Keon Johnson,2021,SG,1.828,3.0,Guard
Day'Ron Sharpe,2021,"C,PF",1.805,3.0,Big
Bones Hyland,2021,"PG,SG",1.803,3.0,Guard
Trey Murphy III,2021,SF,1.775,4.5,Wing
Jericho Sims,2021,"C,PF",1.662,0.5,Big
Isaiah Livers,2021,"PF,SF",1.657,0.5,Wing
Santi Aldama,2021,"SF,PF",1.602,3.0,Wing
James Bouknight,2021,SG,1.531,0.5,Guard
Herbert Jones,2021,"SF,PF",1.513,4.5,Wing
Ayo Dosunmu,2021,SG,1.41,3.0,Guard
Jason Preston,2021,PG,1.348,0.0,Guard
Joe Wieskamp,2021,"SF,SG",1.224,0.0,Wing
Scottie Lewis,2021,SG,1.174,0.0,Guard
Aaron Wiggins,2021,SG,1.171,3.0,Guard
Quentin Grimes,2021,SG,1.131,4.5,Guard
Filip PetruÅ¡ev,2021,C,0.997,0.0,Big
Davion Mitchell,2021,PG,0.927,3.0,Guard
RaiQuan Gray,2021,"SF,PF",0.91,0.0,Wing
Kessler Edwards,2021,SF,0.907,0.5,Wing
BalÅ¡a Koprivica,2021,C,0.862,0.0,Big
Luka Garza,2021,C,0.789,0.5,Big
Marcus Zegarowski,2021,PG,0.689,0.0,Guard
Chet Holmgren,2022,"C,PF",5.178,,Big
Paolo Banchero,2022,"SF,PF",4.975,,Wing
Jabari Smith Jr.,2022,"SF,PF",4.949,,Wing
Malaki Branham,2022,"SG,PG",4.186,,Guard
Bennedict Mathurin,2022,"SF,SG",4.068,,Wing
Jaylin Williams,2022,"C,PF",3.669,,Big
Jeremy Sochan,2022,"SF,PF",3.587,,Wing
Josh Minott,2022,SF,3.482,,Wing
Bryce McGowens,2022,SG,3.294,,Guard
Ryan Rollins,2022,PG,3.22,,Guard
Jabari Walker,2022,SF,3.208,,Wing
Johnny Davis,2022,SG,3.101,,Guard
Patrick Baldwin Jr.,2022,SF,3.06,,Wing
Jake LaRavia,2022,PF,3.022,,Big
Ochai Agbaji,2022,SG,3.021,,Guard
Dalen Terry,2022,SG,2.978,,Guard
Walker Kessler,2022,C,2.911,,Big
Trevor Keels,2022,SG,2.841,,Guard
Kendall Brown,2022,SG,2.831,,Guard
AJ Griffin,2022,"SF,PF",2.601,,Wing
Jalen Duren,2022,C,2.551,,Big
Blake Wesley,2022,SG,2.524,,Guard
Max Christie,2022,SG,2.438,,Guard
Jaden Ivey,2022,SG,2.424,,Guard
Keegan Murray,2022,"SF,PF",2.405,,Wing
Peyton Watson,2022,"SF,SG",2.29,,Wing
Caleb Houstan,2022,"SF,PF",2.202,,Wing
JD Davison,2022,"SG,PG",2.191,,Guard
Christian Braun,2022,SG,2.08,,Guard
Kennedy Chandler,2022,PG,2.062,,Guard
Jalen Williams,2022,"SG,PF",2.04,,Wing
Mark Williams,2022,C,1.977,,Big
David Roddy,2022,"SF,PF",1.812,,Wing
Tari Eason,2022,"SF,PF",1.507,,Wing
Andrew Nembhard,2022,"SG,PG",1.464,,Guard
E.J. Liddell,2022,"SF,PF",1.361,,Wing
Christian Koloko,2022,C,1.33,,Big
Wendell Moore Jr.,2022,SG,1.244,,Guard
Moussa DiabatÃ©,2022,C,1.069,,Big
TyTy Washington Jr.,2022,PG,1.035,,Guard
Isaiah Mobley,2022,PF,0.872,,Big
Vince Williams Jr.,2022,SG,0.611,,Guard
Tyrese Martin,2022,SG,0.35,,Guard
Gradey Dick,2023,SG,4.441,,Guard
Taylor Hendricks,2023,PF,3.791,,Big
Dereck Lively II,2023,C,3.577,,Big
Brandin Podziemski,2023,SG,3.549,,Guard
Jett Howard,2023,SF,3.495,,Wing
Emoni Bates,2023,SF,3.422,,Wing
Jarace Walker,2023,"SF,PF",3.36,,Wing
Brice Sensabaugh,2023,SF,3.219,,Wing
Kobe Bufkin,2023,SG,2.978,,Guard
GG Jackson II,2023,"SF,PF",2.96,,Wing
Noah Clowney,2023,PF,2.936,,Big
Amari Bailey,2023,PG,2.865,,Guard
Keyonte George,2023,"PG,SG",2.802,,Guard
Anthony Black,2023,PG,2.723,,Guard
Nick Smith Jr.,2023,SG,2.619,,Guard
Cam Whitmore,2023,SF,2.535,,Wing
Jordan Hawkins,2023,SG,2.449,,Guard
Julian Phillips,2023,SF,2.208,,Wing
Andre Jackson Jr.,2023,SG,2.18,,Guard
Jalen Hood-Schifino,2023,SG,2.059,,Guard
Dariq Whitehead,2023,SF,1.937,,Wing
Mouhamed Gueye,2023,PF,1.912,,Big
Cason Wallace,2023,SG,1.91,,Guard
Jordan Miller,2023,SF,1.871,,Wing
Brandon Miller,2023,SF,1.796,,Wing
Jaime Jaquez Jr.,2023,SF,1.766,,Wing
Maxwell Lewis,2023,SF,1.747,,Wing
Jordan Walsh,2023,"SF,PF",1.741,,Wing
Chris Livingston,2023,SF,1.567,,Wing
Trayce Jackson-Davis,2023,"PF,C",1.454,,Big
Jalen Slawson,2023,SF,1.366,,Wing
Olivier-Maxence Prosper,2023,"SF,PF",1.243,,Wing
Julian Strawther,2023,"SF,SG",1.234,,Wing
Hunter Tyson,2023,"SF,PF",1.175,,Wing
Kobe Brown,2023,"SF,PF",1.169,,Wing
Jaylen Clark,2023,SG,1.049,,Guard
Colby Jones,2023,SG,1.045,,Guard
Seth Lundy,2023,SF,0.962,,Wing
Jalen Wilson,2023,"SF,PF",0.957,,Wing
Jalen Pickett,2023,SG,0.858,,Guard
Keyontae Johnson,2023,SF,0.856,,Wing
Marcus Sasser,2023,PG,0.853,,Guard
Kris Murray,2023,SF,0.841,,Wing
Toumani Camara,2023,"SF,PF",0.526,,Wing
Ben Sheppard,2023,SG,0.501,,Guard
Isaiah Wong,2023,SG,0.387,,Guard
Rob Dillingham,2024,PG,5.256,,Guard
Reed Sheppard,2024,"PG,SG",5.254,,Guard
Jared McCain,2024,"SG,PG",3.577,,Guard
Dalton Knecht,2024,SF,3.353,,Wing
Stephon Castle,2024,PG,3.057,,Guard
Cody Williams,2024,SG,2.963,,Guard
Terrence Shannon Jr.,2024,SG,2.958,,Guard
Kel'el Ware,2024,C,2.922,,Big
Johnny Furphy,2024,SG,2.829,,Guard
Kyle Filipowski,2024,C,2.757,,Big
Bronny James,2024,SG,2.682,,Guard
Cam Christie,2024,SG,2.484,,Guard
Donovan Clingan,2024,C,2.427,,Big
Isaiah Collier,2024,PG,2.371,,Guard
Bub Carrington,2024,PG,2.329,,Guard
Zach Edey,2024,C,2.18,,Big
Ja'Kobe Walter,2024,SG,2.169,,Guard
Jonathan Mogbo,2024,"SF,PF",2.155,,Wing
Yves Missi,2024,C,1.994,,Big
Jaylen Wells,2024,"SG,SF",1.991,,Wing
Dillon Jones,2024,SF,1.902,,Wing
Adem Bona,2024,"C,PF",1.817,,Big
Cam Spencer,2024,SG,1.81,,Guard
Kyshawn George,2024,SG,1.802,,Guard
DaRon Holmes,2024,PF,1.753,,Big
Jamal Shead,2024,PG,1.694,,Guard
Harrison Ingram,2024,"SF,PF",1.62,,Wing
Kevin McCullar Jr.,2024,SF,1.611,,Wing
Enrique Freeman,2024,"SF,PF",1.567,,Wing
Tyler Kolek,2024,PG,1.445,,Guard
Tristan Da Silva,2024,SF,1.433,,Wing
Anton Watson,2024,SF,1.404,,Wing
Oso Ighodaro,2024,PF,1.374,,Big
Baylor Scheierman,2024,SG,1.121,,Guard
Quinten Post,2024,PF,1.084,,Big
Ryan Dunn,2024,SF,1.064,,Wing
Bobi Klintman,2024,SF,0.997,,Wing
Antonio Reeves,2024,SG,0.991,,Guard
Pelle Larsson,2024,SG,0.891,,Guard
Tristen Newton,2024,SG,0.77,,Guard
Ajay Mitchell,2024,SG,0.673,,Guard
KJ Simpson,2024,PG,0.617,,Guard
Devin Carter,2024,PG,0.61,,Guard
Jaylon Tyson,2024,SG,0.327,,Guard
