Name,Draft Year,POS,Group,Predicted Tier,Actual Tier
Derrick Williams,2011,"PF,SF",Wings,3.076,0
Alec Burks,2011,"SG,SF",Wings,3.832,3
Kawhi Leonard,2011,SF,Wings,3.5,7
Chris Singleton,2011,"SF,PF",Wings,1.204,0
Tobias Harris,2011,"PF,SF",Wings,4.14,5
Jordan Hamilton,2011,SF,Wings,2.16,0
Jimmy Butler,2011,"SG,SF",Wings,1.52,7
Kyle Singler,2011,SF,Wings,0.402,3
Tyler Honeycutt,2011,SF,Wings,1.238,0
Chandler Parsons,2011,"SF,PF",Wings,1.046,5
Michael Kidd-Gilchrist,2012,"SF,PF",Wings,3.764,3
Harrison Barnes,2012,"PF,SF",Wings,1.736,5
Terrence Ross,2012,"SG,SF",Wings,0.366,3
Maurice Harkless,2012,"SF,PF",Wings,2.426,3
Royce White,2012,"SF,PF",Wings,2.938,0
Terrence Jones,2012,"SF,PF",Wings,1.612,3
Jared Sullinger,2012,"SF,PF",Wings,1.37,3
Jeff Taylor,2012,SF,Wings,1.248,0
Jae Crowder,2012,"SF,PF",Wings,1.304,3
Draymond Green,2012,"PF,SF",Wings,1.514,7
Quincy Acy,2012,"PF,SF",Wings,0.872,0
Quincy Miller,2012,"SF,PF",Wings,3.406,0
Khris Middleton,2012,"SF,SG",Wings,0.646,7
Mike Scott,2012,"SF,PF",Wings,0.47,3
Darius Miller,2012,SF,Wings,2.412,0
Kris Joseph,2012,SF,Wings,1.674,0
Robbie Hummel,2012,SF,Wings,2.186,0
Anthony Bennett,2013,"SF,PF",Wings,1.752,0
Otto Porter Jr.,2013,"SF,PF",Wings,3.57,3
Shabazz Muhammad,2013,"SF,SG",Wings,1.822,0
Tony Snell,2013,"SG,SF",Wings,1.728,3
Solomon Hill,2013,"SF,PF",Wings,1.18,0
Reggie Bullock,2013,"SF,SG",Wings,2.042,3
Andre Roberson,2013,"SG,SF",Wings,1.088,3
Allen Crabbe,2013,"SG,SF",Wings,1.01,3
Tony Mitchell,2013,"SF,PF",Wings,0.656,0
James Ennis III,2013,"SF,SG",Wings,0.278,3
Romero Osby,2013,SF,Wings,0.972,0
Arsalan Kazemi,2013,"SF,PF",Wings,2.114,0
Deshaun Thomas,2013,"SF,PF",Wings,0.956,0
Andrew Wiggins,2014,"SF,PF",Wings,3.764,7
Jabari Parker,2014,"SF,PF",Wings,4.376,3
Aaron Gordon,2014,"PF,SF",Wings,3.684,5
Julius Randle,2014,"SF,PF",Wings,2.962,7
Doug McDermott,2014,"SF,PF",Wings,1.244,3
T.J. Warren,2014,"SF,PF",Wings,1.968,3
Jordan Adams,2014,"SG,SF",Wings,4.076,0
Rodney Hood,2014,"SG,SF",Wings,2.294,3
P.J. Hairston,2014,"SF,SG",Wings,2.898,0
Josh Huestis,2014,"SF,PF",Wings,0.858,0
Kyle Anderson,2014,"SF,PF",Wings,2.812,3
K.J. McDaniels,2014,"SF,SG",Wings,1.492,0
Cleanthony Early,2014,SF,Wings,1.198,0
Johnny O'Bryant,2014,"SF,PF",Wings,1.45,0
DeAndre Daniels,2014,"SF,PF",Wings,0.12,0
Jerami Grant,2014,"PF,SF",Wings,1.806,3
Glenn Robinson III,2014,"SF,SG",Wings,1.002,3
Cory Jefferson,2014,"SF,PF",Wings,0.702,0
Stanley Johnson,2015,"SF,PF",Wings,3.52,0
Justise Winslow,2015,"SF,SG",Wings,3.224,3
Trey Lyles,2015,"SF,PF",Wings,4.176,3
Kelly Oubre Jr.,2015,SF,Wings,4.564,3
Sam Dekker,2015,"SF,PF",Wings,2.132,0
Justin Anderson,2015,"SF,SG",Wings,3.178,0
Rondae Hollis-Jefferson,2015,"SF,PF",Wings,1.352,3
Jordan Mickey,2015,"SF,PF",Wings,0.698,0
Anthony Brown,2015,SF,Wings,0.972,0
Josh Richardson,2015,"SG,SF",Wings,2.602,3
Aaron White,2015,"SF,PF",Wings,1.032,0
Sir'Dominic Pointer,2015,"SG,SF",Wings,1.804,0
Branden Dawson,2015,"SF,PF",Wings,1.274,0
J.P. Tokoto,2015,"SF,PF",Wings,3.43,0
Brandon Ingram,2016,"SF,PF",Wings,3.96,7
Jaylen Brown,2016,"SF,SG",Wings,2.87,7
Marquese Chriss,2016,"SF,PF",Wings,2.926,3
Taurean Prince,2016,"PF,SF",Wings,1.15,3
Caris LeVert,2016,"SG,SF",Wings,2.484,3
DeAndre' Bembry,2016,"SF,SG",Wings,2.142,0
Brice Johnson,2016,"SF,PF",Wings,2.516,0
Pascal Siakam,2016,"SF,PF",Wings,0.854,7
Jake Layman,2016,SF,Wings,1.052,0
Georges Niang,2016,"SF,PF",Wings,1.162,3
Ben Bentil,2016,"SF,PF",Wings,1.122,0
Joel Bolomboy,2016,"SF,PF",Wings,3.686,0
Abdel Nader,2016,SF,Wings,0.832,0
Jayson Tatum,2017,"SF,PF",Wings,4.862,7
Josh Jackson,2017,"SF,SG",Wings,2.93,0
Jonathan Isaac,2017,"SF,PF",Wings,3.992,3
Justin Jackson,2017,"SF,PF",Wings,2.42,3
D.J. Wilson,2017,"SF,PF",Wings,0.942,0
John Collins,2017,"SF,PF",Wings,4.146,5
OG Anunoby,2017,"SF,PF",Wings,3.684,5
Tyler Lydon,2017,"SF,PF",Wings,0.868,0
Caleb Swanigan,2017,"SF,PF",Wings,3.188,0
Kyle Kuzma,2017,"PF,SF",Wings,0.462,3
Wes Iwundu,2017,SF,Wings,1.944,0
Semi Ojeleye,2017,"SF,PF",Wings,0.846,0
Dillon Brooks,2017,"SF,SG",Wings,2.034,5
Sterling Brown,2017,"SG,SF",Wings,1.494,0
Sindarius Thornwell,2017,"SG,SF",Wings,2.05,0
Alec Peters,2017,"SF,PF",Wings,1.558,0
Jaron Blossomgame,2017,SF,Wings,1.51,0
Kevin Knox,2018,"SF,PF",Wings,4.176,0
Mikal Bridges,2018,"SF,SG",Wings,2.182,5
Miles Bridges,2018,"SF,PF",Wings,1.216,5
Michael Porter Jr.,2018,SF,Wings,3.606,5
Troy Brown Jr.,2018,SF,Wings,4.004,0
Zhaire Smith,2018,"SG,SF",Wings,3.908,0
Kevin Huerter,2018,"SG,SF",Wings,4.042,5
Josh Okogie,2018,"SG,SF",Wings,3.014,3
Chandler Hutchison,2018,SF,Wings,2.16,0
Jarred Vanderbilt,2018,"SF,PF",Wings,3.55,3
Justin Jackson,2018,"SF,PF",Wings,2.034,0
Svi Mykhailiuk,2018,SF,Wings,2.746,3
Keita Bates-Diop,2018,"SF,PF",Wings,0.974,0
Vince Edwards,2018,SF,Wings,1.848,0
Kevin Hervey,2018,"SF,PF",Wings,1.122,0
George King,2018,SF,Wings,0.812,0
Kostas Antetokounmpo,2018,"PF,SF",Wings,1.184,0
Zion Williamson,2019,"SF,PF",Wings,4.216,7
RJ Barrett,2019,"SG,SF",Wings,5.424,5
De'Andre Hunter,2019,SF,Wings,1.782,5
Rui Hachimura,2019,"SF,PF",Wings,0.872,3
Cam Reddish,2019,SF,Wings,3.554,3
Cameron Johnson,2019,"SF,PF",Wings,2.486,3
P.J. Washington,2019,"SF,PF",Wings,0.432,5
Chuma Okeke,2019,"PF,SF",Wings,2.446,0
Brandon Clarke,2019,"SF,PF",Wings,2.176,0
Grant Williams,2019,"SF,PF",Wings,2.516,3
Nassir Little,2019,"SF,PF",Wings,3.61,0
Dylan Windler,2019,SF,Wings,2.414,0
Keldon Johnson,2019,SF,Wings,2.858,3
KZ Okpala,2019,"SF,PF",Wings,1.914,0
Cody Martin,2019,SF,Wings,1.804,3
Justin James,2019,SF,Wings,1.72,0
Eric Paschall,2019,"SF,PF",Wings,0.65,0
Admiral Schofield,2019,"PF,SF",Wings,1.1,0
Isaiah Roby,2019,"SF,PF",Wings,0.698,0
Ignas Brazdeikis,2019,SF,Wings,1.62,0
Terance Mann,2019,"SG,SF",Wings,1.302,3
Jarrell Brantley,2019,"SF,PF",Wings,0.95,0
Jalen McDaniels,2019,SF,Wings,1.15,0
Miye Oni,2019,"SG,SF",Wings,1.554,0
Patrick Williams,2020,"SF,PF",Wings,1.65,3
Isaac Okoro,2020,"SF,SG",Wings,2.48,3
Obi Toppin,2020,"SF,PF",Wings,0.846,3
Devin Vassell,2020,"SG,SF",Wings,2.338,5
Aaron Nesmith,2020,SF,Wings,2.1,3
Saddiq Bey,2020,SF,Wings,2.856,3
Jaden McDaniels,2020,"PF,SF",Wings,2.804,5
Tyler Bey,2020,SF,Wings,1.39,0
Elijah Hughes,2020,"SG,SF",Wings,2.114,0
Robert Woodard II,2020,SF,Wings,1.368,0
Jordan Nwora,2020,SF,Wings,1.024,0
CJ Elleby,2020,SF,Wings,3.044,0
Scottie Barnes,2021,"SF,PF",Wings,4.368,7
Franz Wagner,2021,SF,Wings,4.302,7
Ziaire Williams,2021,SF,Wings,4.33,3
Chris Duarte,2021,"SF,SG",Wings,2.342,0
Corey Kispert,2021,SF,Wings,2.558,3
Trey Murphy III,2021,SF,Wings,2.002,5
Jalen Johnson,2021,"SF,PF",Wings,4.62,7
Herbert Jones,2021,"SF,PF",Wings,1.414,5
Isaiah Livers,2021,"PF,SF",Wings,2.124,0
Greg Brown III,2021,"PF,SF",Wings,3.4,0
Kessler Edwards,2021,SF,Wings,0.662,0
Brandon Boston Jr.,2021,"SG,SF",Wings,3.296,3
RaiQuan Gray,2021,"SF,PF",Wings,0.708,0
Tristan Thompson,2011,"C,PF",Bigs,2.396,5
Markieff Morris,2011,"PF,C",Bigs,1.67,5
Marcus Morris,2011,"PF,C",Bigs,2.314,5
Nikola VuÄeviÄ,2011,C,Bigs,0.592,7
Kenneth Faried,2011,"PF,C",Bigs,2.27,5
JaJuan Johnson,2011,"PF,C",Bigs,0.836,0
Justin Harper,2011,"PF,C",Bigs,1.016,0
Jordan Williams,2011,C,Bigs,0.998,0
Trey Thompkins,2011,C,Bigs,1.452,0
Jon Leuer,2011,"PF,C",Bigs,0.616,0
Josh Harrellson,2011,"C,PF",Bigs,1.614,0
Keith Benson,2011,C,Bigs,0.642,0
Lavoy Allen,2011,"PF,C",Bigs,1.214,0
Vernon Macklin,2011,C,Bigs,0.224,0
Ater Majok,2011,"PF,C",Bigs,1.28,0
Anthony Davis,2012,"C,PF",Bigs,4.552,7
Thomas Robinson,2012,"PF,C",Bigs,2.392,0
Andre Drummond,2012,C,Bigs,1.848,7
Meyers Leonard,2012,"C,PF",Bigs,1.886,3
John Henson,2012,"C,PF",Bigs,0.994,3
Tyler Zeller,2012,C,Bigs,1.318,3
Andrew Nicholson,2012,"PF,C",Bigs,1.564,0
Fab Melo,2012,C,Bigs,1.37,0
Miles Plumlee,2012,C,Bigs,0.27,3
Arnett Moultrie,2012,"PF,C",Bigs,0.506,0
Perry Jones,2012,"PF,C",Bigs,0.88,0
Festus Ezeli,2012,C,Bigs,0.652,0
Bernard James,2012,C,Bigs,0.806,0
Justin Hamilton,2012,C,Bigs,0.828,0
Kyle O'Quinn,2012,"C,PF",Bigs,1.11,0
Robert Sacre,2012,C,Bigs,0.324,0
Cody Zeller,2013,C,Bigs,3.558,3
Alex Len,2013,C,Bigs,2.064,3
Nerlens Noel,2013,"C,PF",Bigs,3.536,3
Steven Adams,2013,C,Bigs,1.774,5
Kelly Olynyk,2013,"C,PF",Bigs,2.132,3
Gorgui Dieng,2013,"C,PF",Bigs,1.314,3
Mason Plumlee,2013,C,Bigs,2.346,3
Jeff Withey,2013,C,Bigs,1.608,0
Grant Jerrett,2013,"PF,C",Bigs,2.228,0
Mike Muscala,2013,"C,PF",Bigs,1.36,3
Ryan Kelly,2013,"PF,C",Bigs,1.058,0
Erik Murphy,2013,C,Bigs,1.082,0
Colton Iverson,2013,C,Bigs,0.682,0
Alex Oriakhi,2013,C,Bigs,1.724,0
Joel Embiid,2014,C,Bigs,3.422,7
Noah Vonleh,2014,"PF,C",Bigs,2.726,3
Adreian Payne,2014,"PF,C",Bigs,0.742,0
Mitch McGary,2014,"PF,C",Bigs,1.684,0
Jarnell Stokes,2014,"C,PF",Bigs,3.406,0
Dwight Powell,2014,"C,PF",Bigs,0.934,3
Cameron Bairstow,2014,"C,PF",Bigs,0.764,0
Alec Brown,2014,"PF,C",Bigs,0.42,0
Karl-Anthony Towns,2015,"C,PF",Bigs,4.452,7
Jahlil Okafor,2015,C,Bigs,3.494,3
Willie Cauley-Stein,2015,C,Bigs,1.338,3
Frank Kaminsky,2015,"C,PF",Bigs,1.964,3
Myles Turner,2015,C,Bigs,1.93,5
Bobby Portis,2015,"PF,C",Bigs,1.312,3
Jarell Martin,2015,"PF,C",Bigs,1.296,0
Larry Nance Jr.,2015,"PF,C",Bigs,1.816,3
Chris McCullough,2015,"PF,C",Bigs,2.132,0
Kevon Looney,2015,"C,PF",Bigs,1.654,3
Montrezl Harrell,2015,"C,PF",Bigs,0.93,5
Rakeem Christmas,2015,"PF,C",Bigs,0.956,0
Richaun Holmes,2015,"C,PF",Bigs,2.336,3
Dakari Johnson,2015,C,Bigs,2.618,0
Cady Lalanne,2015,C,Bigs,0.476,0
Jakob Poeltl,2016,C,Bigs,2.8,5
Domantas Sabonis,2016,"C,PF",Bigs,2.304,7
Henry Ellenson,2016,"PF,C",Bigs,2.086,0
Skal LabissiÃ¨re,2016,"PF,C",Bigs,1.738,0
Damian Jones,2016,C,Bigs,1.106,0
Deyonta Davis,2016,C,Bigs,1.832,0
Cheick Diallo,2016,"C,PF",Bigs,2.334,0
Chinanu Onuaku,2016,C,Bigs,2.92,0
Diamond Stone,2016,C,Bigs,2.206,0
Stephen Zimmerman,2016,C,Bigs,2.262,0
A.J. Hammons,2016,C,Bigs,1.142,0
Lauri Markkanen,2017,"PF,C",Bigs,1.552,7
Zach Collins,2017,"C,PF",Bigs,3.05,3
Bam Adebayo,2017,"C,PF",Bigs,2.312,7
Justin Patton,2017,C,Bigs,3.256,0
T.J. Leaf,2017,"PF,C",Bigs,3.222,0
Harry Giles,2017,"C,PF",Bigs,2.286,3
Jarrett Allen,2017,C,Bigs,1.744,7
Tony Bradley,2017,C,Bigs,3.402,0
Ivan Rabb,2017,"PF,C",Bigs,1.836,0
Jonah Bolden,2017,"C,PF",Bigs,1.636,0
Jordan Bell,2017,C,Bigs,2.212,0
Thomas Bryant,2017,C,Bigs,1.896,3
Ike Anigbogu,2017,C,Bigs,3.022,0
Deandre Ayton,2018,C,Bigs,2.87,5
Marvin Bagley III,2018,"C,PF",Bigs,3.194,3
Jaren Jackson Jr.,2018,"C,PF",Bigs,4.398,7
Mo Bamba,2018,C,Bigs,2.102,3
Wendell Carter Jr.,2018,"C,PF",Bigs,4.004,5
Moritz Wagner,2018,C,Bigs,1.404,3
Robert Williams,2018,C,Bigs,1.642,3
Omari Spellman,2018,"C,PF",Bigs,1.036,0
Chimezie Metu,2018,"C,PF",Bigs,1.14,0
Ray Spalding,2018,"PF,C",Bigs,2.03,0
Thomas Welsh,2018,C,Bigs,0.61,0
Jaxson Hayes,2019,C,Bigs,2.876,3
Mfiondu Kabengele,2019,"PF,C",Bigs,1.18,0
Nic Claxton,2019,C,Bigs,2.192,5
Bruno Fernando,2019,C,Bigs,2.718,0
Daniel Gafford,2019,"C,PF",Bigs,2.356,5
Bol Bol,2019,"PF,C",Bigs,2.022,3
Dewan Hernandez,2019,C,Bigs,0.132,0
James Wiseman,2020,C,Bigs,3.43,0
Onyeka Okongwu,2020,C,Bigs,3.146,5
Jalen Smith,2020,"C,PF",Bigs,3.89,0
Isaiah Stewart,2020,"C,PF",Bigs,3.564,3
Precious Achiuwa,2020,"C,PF",Bigs,1.036,3
Zeke Nnaji,2020,"PF,C",Bigs,3.288,3
Udoka Azubuike,2020,C,Bigs,2.748,0
Vernon Carey Jr.,2020,C,Bigs,2.648,0
Daniel Oturu,2020,C,Bigs,1.142,0
Xavier Tillman Sr.,2020,"C,PF",Bigs,2.414,3
Nick Richards,2020,"C,PF",Bigs,0.554,3
Reggie Perry,2020,"PF,C",Bigs,2.046,0
Paul Reed,2020,"C,PF",Bigs,0.86,3
Evan Mobley,2021,"PF,C",Bigs,4.32,7
Kai Jones,2021,C,Bigs,2.408,0
Isaiah Jackson,2021,C,Bigs,2.942,0
Day'Ron Sharpe,2021,"C,PF",Bigs,2.698,3
Santi Aldama,2021,"PF,C",Bigs,1.534,3
Jeremiah Robinson-Earl,2021,"PF,C",Bigs,1.772,0
JT Thor,2021,"PF,C",Bigs,2.932,0
Neemias Queta,2021,C,Bigs,3.21,0
Filip PetruÅ¡ev,2021,C,Bigs,0.88,0
Luka Garza,2021,C,Bigs,1.506,0
Charles Bassey,2021,C,Bigs,2.478,0
Sandro Mamukelashvili,2021,"C,PF",Bigs,1.652,0
BalÅ¡a Koprivica,2021,C,Bigs,1.308,0
Jericho Sims,2021,"C,PF",Bigs,1.998,0
